,17-AAG,AEW541,AZD0530,AZD6244,Erlotinib,Irinotecan,L-685458,LBW242,Lapatinib,Nilotinib,Nutlin-3,PD-0325901,PD-0332991,PF2341066,PHA-665752,PLX4720,Paclitaxel,Panobinostat,RAF265,Sorafenib,TAE684,TKI258,Topotecan,ZD-6474
1321N1,1.0,0.0,1.0,,1.0,,1.0,,1.0,,,0.0,,1.0,,,,1.0,1.0,,1.0,0.0,1.0,1.0
22Rv1,0.0,1.0,,1.0,,1.0,,,1.0,,1.0,1.0,1.0,1.0,1.0,1.0,1.0,1.0,0.0,1.0,1.0,0.0,1.0,
42-MG-BA,1.0,1.0,0.0,,1.0,,1.0,,,,,0.0,,,,,,1.0,,,1.0,,1.0,
5637,1.0,1.0,1.0,0.0,1.0,1.0,1.0,1.0,1.0,1.0,,0.0,,1.0,,1.0,1.0,1.0,1.0,1.0,1.0,1.0,1.0,1.0
639-V,1.0,1.0,1.0,1.0,,1.0,,,,1.0,,1.0,0.0,0.0,,,1.0,1.0,1.0,,1.0,1.0,1.0,1.0
697,0.0,0.0,1.0,,0.0,1.0,1.0,,,1.0,1.0,1.0,1.0,1.0,1.0,,,1.0,1.0,1.0,1.0,1.0,1.0,0.0
769-P,1.0,1.0,1.0,1.0,1.0,0.0,,,1.0,1.0,1.0,0.0,0.0,1.0,1.0,0.0,0.0,1.0,1.0,,0.0,0.0,1.0,1.0
786-O,0.0,1.0,1.0,,0.0,1.0,,,0.0,0.0,,,,,1.0,,0.0,0.0,1.0,1.0,0.0,1.0,1.0,
8-MG-BA,1.0,1.0,0.0,,0.0,,1.0,1.0,,,1.0,1.0,,1.0,,0.0,1.0,0.0,,,1.0,,1.0,0.0
8305C,1.0,1.0,1.0,1.0,1.0,1.0,1.0,,1.0,,,1.0,1.0,0.0,,1.0,1.0,1.0,1.0,1.0,1.0,0.0,1.0,
8505C,0.0,1.0,,1.0,,1.0,,,1.0,1.0,,1.0,,1.0,,1.0,1.0,1.0,1.0,1.0,0.0,1.0,1.0,
A-204,1.0,1.0,0.0,,,1.0,,1.0,1.0,1.0,0.0,,1.0,1.0,0.0,1.0,1.0,1.0,1.0,1.0,1.0,1.0,1.0,1.0
A-253,0.0,,1.0,1.0,1.0,,,,1.0,,,1.0,,1.0,,,1.0,1.0,1.0,0.0,0.0,1.0,1.0,1.0
A-375,1.0,1.0,1.0,1.0,1.0,1.0,,,1.0,1.0,1.0,1.0,1.0,1.0,1.0,1.0,1.0,1.0,1.0,1.0,1.0,1.0,1.0,0.0
A-673,1.0,1.0,1.0,,1.0,,,1.0,,,,,0.0,1.0,,1.0,1.0,1.0,1.0,,1.0,1.0,1.0,1.0
A172,1.0,1.0,,,,1.0,,,,,0.0,0.0,,1.0,,,0.0,0.0,1.0,1.0,1.0,0.0,1.0,
A2058,1.0,0.0,,1.0,,1.0,,,0.0,,,1.0,,0.0,1.0,1.0,1.0,1.0,0.0,,1.0,1.0,1.0,0.0
A2780,1.0,0.0,,1.0,0.0,1.0,1.0,,0.0,1.0,1.0,1.0,0.0,1.0,,1.0,1.0,1.0,1.0,1.0,1.0,1.0,1.0,1.0
A549,1.0,1.0,0.0,0.0,1.0,1.0,,,0.0,1.0,0.0,0.0,1.0,0.0,,1.0,1.0,1.0,1.0,1.0,1.0,0.0,1.0,1.0
ACHN,0.0,0.0,1.0,1.0,1.0,,,1.0,1.0,,1.0,1.0,,1.0,,1.0,0.0,1.0,1.0,0.0,1.0,1.0,1.0,1.0
ALL-SIL,0.0,1.0,1.0,1.0,0.0,1.0,1.0,1.0,0.0,1.0,1.0,1.0,1.0,1.0,1.0,1.0,1.0,1.0,1.0,1.0,1.0,1.0,1.0,1.0
AMO-1,1.0,,1.0,0.0,1.0,1.0,1.0,,,1.0,0.0,1.0,0.0,0.0,1.0,,1.0,1.0,1.0,0.0,1.0,1.0,1.0,1.0
AN3 CA,1.0,1.0,1.0,0.0,1.0,,0.0,,,,1.0,0.0,1.0,,,,1.0,0.0,0.0,,,0.0,0.0,1.0
AU565,1.0,0.0,,,1.0,,,,1.0,1.0,,,1.0,1.0,,,1.0,1.0,0.0,1.0,,0.0,1.0,0.0
AZ-521,1.0,1.0,1.0,,1.0,1.0,1.0,1.0,,,1.0,0.0,,,,,1.0,1.0,1.0,0.0,1.0,1.0,1.0,1.0
AsPC-1,1.0,1.0,0.0,0.0,1.0,0.0,,,,,,1.0,,1.0,0.0,,1.0,1.0,1.0,,1.0,1.0,0.0,1.0
B-CPAP,1.0,0.0,1.0,1.0,1.0,1.0,0.0,,,1.0,,1.0,1.0,1.0,,1.0,1.0,1.0,1.0,1.0,1.0,0.0,1.0,
BDCM,1.0,,1.0,1.0,,,,,,,,1.0,1.0,,,,1.0,1.0,1.0,,,1.0,1.0,1.0
BFTC-909,1.0,0.0,1.0,,,,0.0,,,,,1.0,0.0,1.0,,,1.0,1.0,0.0,,0.0,1.0,1.0,0.0
BGC-823,1.0,1.0,,,0.0,0.0,0.0,,0.0,,,1.0,,1.0,,1.0,1.0,1.0,0.0,,1.0,1.0,0.0,
BL-41,0.0,1.0,,,,1.0,,,1.0,,,,1.0,0.0,,,1.0,1.0,0.0,,,0.0,1.0,
BL-70,0.0,,1.0,,,1.0,,,1.0,,,,0.0,1.0,1.0,1.0,1.0,1.0,0.0,,1.0,0.0,1.0,1.0
BT-20,,,,,,1.0,1.0,,,,,,,,,,,0.0,,,0.0,,1.0,1.0
BT-474,1.0,,1.0,,1.0,,1.0,,1.0,0.0,,,1.0,,1.0,,1.0,1.0,1.0,1.0,0.0,,1.0,1.0
BT-549,1.0,1.0,1.0,,,1.0,,,,1.0,,,,1.0,,1.0,1.0,1.0,1.0,1.0,0.0,1.0,1.0,1.0
BxPC-3,1.0,1.0,1.0,1.0,1.0,,,,1.0,,,1.0,,,,1.0,1.0,0.0,,,0.0,1.0,1.0,1.0
C2BBe1,0.0,1.0,1.0,1.0,1.0,,,,1.0,0.0,,,1.0,,,,1.0,1.0,,,1.0,,0.0,1.0
C32,1.0,1.0,,1.0,,0.0,,,,1.0,,1.0,1.0,,,1.0,0.0,0.0,1.0,,1.0,,1.0,
C3A,1.0,,,1.0,,,,1.0,1.0,,,1.0,0.0,1.0,,,,1.0,1.0,,1.0,,1.0,
CAL 27,1.0,1.0,1.0,1.0,1.0,,,1.0,1.0,,,1.0,,1.0,,,1.0,1.0,1.0,,1.0,1.0,1.0,1.0
CAL-12T,1.0,1.0,1.0,0.0,1.0,,,,1.0,,,1.0,,1.0,,1.0,1.0,1.0,,0.0,1.0,1.0,0.0,1.0
CAL-78,1.0,0.0,,,1.0,1.0,,,0.0,0.0,,,,0.0,,1.0,1.0,1.0,1.0,0.0,0.0,1.0,1.0,
CAL-85-1,1.0,1.0,1.0,0.0,1.0,1.0,,0.0,1.0,,,1.0,,1.0,,,0.0,1.0,1.0,,1.0,1.0,1.0,1.0
CAMA-1,1.0,1.0,,,,1.0,1.0,,1.0,1.0,,0.0,,,,,1.0,1.0,1.0,,,1.0,0.0,
CAS-1,0.0,1.0,1.0,,,1.0,,,,,,0.0,,1.0,,,0.0,1.0,1.0,,0.0,1.0,0.0,
CCK-81,0.0,,1.0,,1.0,,,,,,,1.0,,,,,0.0,1.0,,,1.0,,1.0,1.0
CHL-1,1.0,0.0,0.0,,1.0,1.0,,,1.0,1.0,,0.0,,0.0,,1.0,1.0,1.0,1.0,0.0,0.0,1.0,1.0,0.0
CHP-212,1.0,0.0,1.0,1.0,,,1.0,,,,,1.0,,1.0,,,1.0,1.0,1.0,,1.0,,0.0,1.0
CI-1,0.0,,1.0,,,1.0,,,,,,,,,,,1.0,1.0,,,,,1.0,1.0
CMK-86,1.0,1.0,,,1.0,1.0,,,,1.0,1.0,,,0.0,1.0,,0.0,1.0,1.0,1.0,1.0,1.0,1.0,
COLO 201,1.0,1.0,,1.0,,,,,,0.0,,1.0,1.0,1.0,,1.0,1.0,1.0,1.0,0.0,1.0,1.0,1.0,
COLO 205,1.0,1.0,1.0,1.0,1.0,,0.0,1.0,,1.0,1.0,1.0,1.0,1.0,,1.0,,1.0,1.0,1.0,1.0,1.0,1.0,
COLO 741,0.0,1.0,,0.0,0.0,,1.0,0.0,1.0,,,1.0,,,,0.0,1.0,0.0,,,1.0,0.0,1.0,
COLO-320,0.0,1.0,0.0,,1.0,1.0,,,1.0,1.0,,,0.0,0.0,,1.0,0.0,1.0,1.0,1.0,1.0,1.0,1.0,
COLO-677,1.0,1.0,,1.0,0.0,1.0,0.0,,1.0,0.0,1.0,1.0,1.0,1.0,0.0,1.0,1.0,1.0,0.0,0.0,1.0,0.0,1.0,
COLO-678,1.0,1.0,1.0,1.0,1.0,0.0,1.0,,1.0,,,1.0,1.0,1.0,,,,0.0,1.0,1.0,0.0,0.0,0.0,0.0
COLO-679,1.0,1.0,,1.0,,1.0,,,,1.0,0.0,1.0,0.0,0.0,0.0,1.0,1.0,1.0,1.0,1.0,,1.0,0.0,
COLO-699,1.0,1.0,1.0,,1.0,1.0,1.0,,1.0,1.0,,1.0,1.0,,,,0.0,0.0,1.0,1.0,1.0,1.0,1.0,1.0
COR-L105,0.0,1.0,,,1.0,,,,,,,1.0,,,,,0.0,0.0,0.0,,,,0.0,1.0
COR-L23,0.0,1.0,,,,1.0,,,,,,1.0,,1.0,,,1.0,1.0,0.0,1.0,0.0,1.0,1.0,
COV318,0.0,0.0,,,,0.0,,,,1.0,,,,1.0,,,0.0,0.0,,,0.0,1.0,0.0,1.0
COV504,1.0,1.0,1.0,,0.0,,,,,1.0,,1.0,,1.0,,,0.0,1.0,0.0,,1.0,1.0,0.0,1.0
Caki-2,1.0,1.0,1.0,,0.0,0.0,,0.0,1.0,,,0.0,,,,1.0,1.0,0.0,1.0,,0.0,0.0,1.0,1.0
Calu-1,1.0,1.0,,1.0,,0.0,,,0.0,1.0,,1.0,,0.0,,,1.0,0.0,1.0,,0.0,1.0,0.0,
Calu-3,1.0,0.0,1.0,0.0,1.0,,,0.0,1.0,,,0.0,,1.0,,,,1.0,0.0,,0.0,0.0,1.0,1.0
Calu-6,1.0,1.0,1.0,1.0,0.0,,,,,,,1.0,,1.0,,,1.0,1.0,,,1.0,1.0,1.0,
Capan-2,1.0,,1.0,1.0,,0.0,,,,,,1.0,,,,,,1.0,,,0.0,,1.0,
DBTRG-05MG,1.0,1.0,0.0,1.0,1.0,1.0,,,,1.0,1.0,1.0,0.0,1.0,,0.0,0.0,0.0,1.0,1.0,0.0,1.0,1.0,
DEL,1.0,1.0,1.0,,0.0,1.0,,,1.0,0.0,,1.0,1.0,1.0,1.0,,1.0,1.0,,1.0,1.0,1.0,1.0,0.0
DK-MG,1.0,,1.0,1.0,0.0,1.0,,,1.0,,1.0,0.0,0.0,1.0,1.0,,1.0,1.0,1.0,,1.0,1.0,1.0,1.0
DMS 114,0.0,1.0,0.0,,,,1.0,,1.0,1.0,,,1.0,1.0,1.0,,1.0,1.0,0.0,1.0,1.0,0.0,1.0,1.0
DOHH-2,0.0,,,,,1.0,,,,,1.0,,,,1.0,,,1.0,,,,,1.0,
DOV13,0.0,1.0,,,,1.0,,,1.0,1.0,,,,0.0,,0.0,1.0,1.0,0.0,1.0,0.0,1.0,1.0,
DU 145,1.0,1.0,1.0,0.0,1.0,1.0,,,1.0,1.0,,1.0,,1.0,,0.0,1.0,1.0,1.0,,1.0,1.0,1.0,1.0
DV-90,1.0,,,1.0,,,,,,,,1.0,,,,,1.0,1.0,,,,,1.0,0.0
Daoy,0.0,1.0,,,,1.0,,1.0,,1.0,,,,,,1.0,1.0,1.0,0.0,,1.0,1.0,1.0,0.0
Detroit 562,1.0,1.0,1.0,1.0,1.0,,,1.0,0.0,1.0,,1.0,1.0,,,,1.0,1.0,1.0,,0.0,1.0,0.0,1.0
EB1,0.0,,1.0,,,,,,,,,,1.0,,,,1.0,0.0,,,,,1.0,
EB2,0.0,,1.0,,,,,,,,,,,,,,1.0,0.0,1.0,,,,1.0,
EBC-1,1.0,0.0,1.0,1.0,,1.0,,1.0,1.0,1.0,,1.0,1.0,1.0,1.0,1.0,1.0,1.0,1.0,,1.0,,1.0,1.0
EFE-184,0.0,1.0,1.0,1.0,1.0,0.0,,,1.0,1.0,,0.0,,1.0,,,0.0,0.0,0.0,,0.0,,0.0,1.0
EFM-19,1.0,0.0,0.0,,,0.0,,1.0,0.0,,,,1.0,0.0,0.0,,1.0,1.0,1.0,0.0,1.0,1.0,0.0,1.0
EFO-21,1.0,1.0,0.0,0.0,1.0,1.0,,1.0,1.0,,,1.0,,1.0,,1.0,1.0,0.0,0.0,1.0,1.0,1.0,1.0,1.0
EFO-27,0.0,1.0,1.0,0.0,1.0,1.0,,,1.0,,,1.0,,0.0,,,1.0,1.0,1.0,0.0,1.0,1.0,1.0,
EM-2,1.0,1.0,1.0,1.0,0.0,1.0,,,,1.0,,1.0,1.0,1.0,1.0,1.0,,1.0,1.0,1.0,1.0,1.0,1.0,1.0
EN,1.0,1.0,,,,0.0,,,,,,,,0.0,,,1.0,1.0,1.0,1.0,1.0,1.0,,
ES-2,0.0,0.0,,1.0,,,,1.0,,,,1.0,0.0,1.0,,1.0,0.0,1.0,1.0,1.0,,0.0,1.0,
ESS-1,1.0,1.0,1.0,0.0,1.0,,,1.0,0.0,,,0.0,,1.0,1.0,1.0,1.0,1.0,,,1.0,1.0,1.0,1.0
F-36P,0.0,1.0,,1.0,1.0,1.0,,1.0,,1.0,,1.0,1.0,1.0,,,1.0,1.0,1.0,,1.0,1.0,0.0,
FU-OV-1,0.0,1.0,1.0,1.0,0.0,1.0,,,1.0,,,1.0,,1.0,,,1.0,1.0,1.0,1.0,1.0,1.0,0.0,1.0
FU97,1.0,1.0,1.0,1.0,1.0,,1.0,,1.0,,,1.0,,,,1.0,1.0,1.0,1.0,1.0,1.0,1.0,0.0,1.0
FaDu,1.0,1.0,1.0,1.0,1.0,,0.0,,1.0,1.0,,1.0,1.0,1.0,,,1.0,1.0,1.0,,0.0,1.0,1.0,1.0
G-361,1.0,1.0,0.0,1.0,1.0,1.0,1.0,1.0,1.0,1.0,1.0,1.0,0.0,1.0,1.0,1.0,1.0,1.0,1.0,1.0,0.0,1.0,1.0,0.0
G-401,1.0,1.0,1.0,,1.0,1.0,1.0,,1.0,0.0,1.0,0.0,1.0,0.0,0.0,,1.0,1.0,1.0,1.0,1.0,1.0,1.0,0.0
G-402,1.0,1.0,1.0,,,,1.0,,0.0,,0.0,0.0,,1.0,,,1.0,0.0,1.0,1.0,0.0,1.0,1.0,0.0
GAMG,1.0,1.0,,,,,,,,,,1.0,,,,,1.0,0.0,,,1.0,0.0,0.0,
GB-1,0.0,1.0,,1.0,1.0,1.0,0.0,,,,,0.0,0.0,1.0,,1.0,0.0,0.0,1.0,1.0,1.0,1.0,1.0,
GCIY,0.0,0.0,1.0,,0.0,,,,0.0,1.0,0.0,0.0,,,,,0.0,1.0,0.0,,0.0,1.0,1.0,1.0
GCT,0.0,0.0,1.0,1.0,1.0,1.0,1.0,1.0,1.0,1.0,,1.0,1.0,1.0,,0.0,1.0,1.0,1.0,1.0,1.0,1.0,1.0,0.0
GI-1,1.0,1.0,,,,,,,1.0,,,0.0,,1.0,,,1.0,1.0,,,1.0,1.0,0.0,
GLC-82,1.0,1.0,,,1.0,0.0,,,1.0,1.0,,0.0,1.0,1.0,,1.0,1.0,1.0,1.0,,1.0,0.0,0.0,1.0
GMS-10,1.0,1.0,1.0,,,0.0,,1.0,,,,0.0,1.0,1.0,,,1.0,0.0,1.0,,0.0,1.0,0.0,
GRANTA-519,,1.0,1.0,,,1.0,,,,,1.0,,1.0,1.0,,,,1.0,0.0,,1.0,1.0,1.0,1.0
H4,1.0,1.0,,,1.0,,,,,1.0,1.0,,1.0,0.0,,,0.0,1.0,1.0,,1.0,1.0,1.0,1.0
HARA,1.0,0.0,1.0,,1.0,,,,0.0,,,0.0,,,,,1.0,0.0,1.0,,1.0,0.0,1.0,1.0
HCC-15,1.0,1.0,1.0,0.0,,,,1.0,,,1.0,1.0,0.0,1.0,,,1.0,1.0,0.0,,1.0,0.0,1.0,1.0
HCC-44,1.0,1.0,,0.0,0.0,,,1.0,,,,0.0,,,,,1.0,1.0,0.0,,1.0,0.0,1.0,
HCC-56,,1.0,1.0,1.0,1.0,0.0,,1.0,0.0,,,1.0,,,,,0.0,1.0,,,0.0,,0.0,1.0
HCC-78,1.0,1.0,,,,,,,1.0,,,,0.0,0.0,,,1.0,1.0,1.0,,1.0,,1.0,
HCC1187,0.0,,0.0,,,,1.0,,,,,,,,,,1.0,1.0,0.0,,,1.0,0.0,
HCC1395,1.0,1.0,,,0.0,,1.0,,1.0,,,1.0,,,,,1.0,0.0,,,,1.0,1.0,
HCC1569,1.0,1.0,1.0,,,0.0,,,,1.0,,1.0,0.0,,,,,0.0,,,,,0.0,1.0
HCC1806,1.0,1.0,1.0,1.0,1.0,,1.0,,,1.0,0.0,1.0,,1.0,,,1.0,1.0,1.0,1.0,1.0,1.0,1.0,1.0
HCC1954,1.0,0.0,1.0,,1.0,,,,1.0,1.0,,1.0,1.0,0.0,,,1.0,1.0,0.0,1.0,1.0,0.0,0.0,1.0
HCC2935,1.0,1.0,1.0,,1.0,0.0,,,1.0,1.0,,,,,,,,0.0,1.0,,0.0,,0.0,1.0
HCC4006,1.0,0.0,1.0,0.0,1.0,1.0,,,1.0,1.0,,0.0,1.0,1.0,,,1.0,1.0,0.0,0.0,0.0,0.0,0.0,1.0
HCC70,0.0,,,1.0,,1.0,,,1.0,,,0.0,,1.0,,,0.0,1.0,0.0,,,1.0,1.0,1.0
HCC827,1.0,,1.0,,1.0,,,,,,,,,,,,1.0,0.0,,,,,0.0,1.0
HCT 116,1.0,1.0,,,,1.0,,,,0.0,,1.0,,1.0,,,1.0,1.0,1.0,1.0,0.0,1.0,1.0,
HCT-15,0.0,0.0,0.0,,1.0,1.0,,,0.0,0.0,,0.0,,0.0,,0.0,0.0,0.0,1.0,0.0,0.0,0.0,1.0,0.0
HD-MY-Z,1.0,1.0,0.0,1.0,1.0,,,,0.0,,,1.0,,1.0,,1.0,1.0,1.0,,0.0,1.0,1.0,1.0,
HDQ-P1,1.0,1.0,1.0,1.0,1.0,1.0,,,1.0,,,0.0,,,,,,1.0,1.0,,,,1.0,1.0
HEC-1-A,1.0,1.0,0.0,,,,,,,1.0,,,1.0,1.0,,,1.0,1.0,0.0,1.0,1.0,0.0,1.0,1.0
HEC-1-B,1.0,1.0,1.0,1.0,1.0,0.0,,,,,,1.0,1.0,1.0,,,1.0,1.0,1.0,,,,1.0,1.0
HEC-151,1.0,,1.0,1.0,1.0,1.0,,,1.0,1.0,,1.0,,,,,1.0,1.0,1.0,1.0,1.0,1.0,1.0,1.0
HEC-251,0.0,,1.0,,1.0,0.0,0.0,,1.0,,,1.0,,,,,1.0,1.0,1.0,0.0,1.0,0.0,0.0,1.0
HEC-265,1.0,,,,,1.0,,,1.0,,,,,,,,1.0,1.0,1.0,1.0,0.0,1.0,1.0,0.0
HEC-59,1.0,1.0,,,,1.0,1.0,1.0,,,,1.0,1.0,1.0,,0.0,,1.0,1.0,1.0,1.0,1.0,1.0,
HEC-6,1.0,,,,,,,,,,,,,,,,1.0,1.0,,,,,1.0,
HEL 92.1.7,0.0,,,,,,,,,,,1.0,,,,,0.0,1.0,1.0,,,1.0,1.0,
HGC-27,1.0,0.0,0.0,,0.0,1.0,0.0,,1.0,0.0,,,1.0,1.0,1.0,1.0,1.0,1.0,1.0,0.0,1.0,1.0,1.0,1.0
HH,1.0,,,,,,0.0,,,,,,1.0,,,,1.0,1.0,,,,,1.0,
HLE,0.0,,,,0.0,1.0,,,,,,0.0,,,,,0.0,0.0,1.0,,1.0,1.0,1.0,1.0
HLF,1.0,1.0,1.0,,1.0,1.0,,,1.0,,,1.0,,0.0,1.0,,0.0,0.0,0.0,0.0,1.0,1.0,1.0,1.0
HMC-1-8,1.0,1.0,,1.0,,1.0,,,1.0,1.0,,1.0,1.0,1.0,,,1.0,0.0,1.0,1.0,1.0,1.0,1.0,
HMCB,1.0,1.0,0.0,0.0,1.0,1.0,,,1.0,0.0,,0.0,0.0,1.0,0.0,1.0,1.0,1.0,1.0,1.0,1.0,1.0,1.0,0.0
HOS,1.0,1.0,,,,1.0,,0.0,,,,1.0,,,,,1.0,1.0,1.0,,0.0,,1.0,0.0
HPAC,1.0,0.0,1.0,,,1.0,,1.0,1.0,1.0,,1.0,1.0,1.0,,,1.0,1.0,1.0,,1.0,1.0,1.0,
HPAF-II,1.0,,1.0,,1.0,,1.0,,1.0,,,1.0,,,,,1.0,0.0,,,,0.0,1.0,
HSC-2,0.0,,1.0,,1.0,1.0,,,1.0,,0.0,1.0,,,,,1.0,0.0,0.0,1.0,,0.0,1.0,1.0
HT,1.0,,,,,,,,,,,,,1.0,,,1.0,1.0,,0.0,,,1.0,
HT-1080,1.0,0.0,,1.0,,,,1.0,0.0,,1.0,1.0,,1.0,,1.0,1.0,1.0,1.0,,1.0,1.0,1.0,1.0
HT-1197,1.0,1.0,1.0,1.0,1.0,0.0,,,0.0,,,1.0,,1.0,,,,1.0,1.0,1.0,0.0,1.0,0.0,1.0
HT-1376,1.0,1.0,1.0,,1.0,0.0,,,1.0,,,,,1.0,,,,1.0,1.0,,1.0,1.0,,1.0
HT-144,1.0,1.0,,1.0,0.0,0.0,,,1.0,1.0,1.0,1.0,,1.0,1.0,1.0,1.0,1.0,1.0,1.0,0.0,,1.0,
HT-29,1.0,1.0,0.0,1.0,,1.0,1.0,,0.0,0.0,,1.0,1.0,0.0,,1.0,1.0,1.0,1.0,1.0,1.0,1.0,1.0,0.0
HUP-T3,1.0,0.0,0.0,1.0,,0.0,,0.0,1.0,1.0,,1.0,1.0,0.0,,,1.0,1.0,1.0,,,1.0,0.0,1.0
HUP-T4,1.0,,1.0,,0.0,,,,1.0,1.0,,1.0,,0.0,,,1.0,1.0,1.0,,1.0,,1.0,1.0
Hep 3B2.1-7,1.0,1.0,,0.0,,0.0,,,,1.0,,1.0,,1.0,,,,1.0,,1.0,1.0,1.0,,1.0
Hep G2,1.0,0.0,1.0,1.0,1.0,1.0,,,,,,1.0,1.0,1.0,1.0,0.0,0.0,1.0,0.0,,1.0,1.0,1.0,
Hey-A8,1.0,0.0,0.0,0.0,0.0,1.0,,,1.0,1.0,0.0,1.0,1.0,1.0,,,1.0,1.0,1.0,1.0,1.0,1.0,1.0,
Hs 229.T,1.0,,,0.0,,,,,,,,0.0,0.0,,,1.0,1.0,1.0,1.0,,1.0,1.0,0.0,0.0
Hs 294T,1.0,1.0,0.0,1.0,1.0,1.0,,1.0,1.0,1.0,1.0,1.0,,1.0,,1.0,1.0,1.0,1.0,,0.0,1.0,1.0,1.0
Hs 578T,1.0,1.0,0.0,,,,,,,1.0,,0.0,0.0,1.0,,1.0,1.0,1.0,1.0,,1.0,1.0,1.0,1.0
Hs 683,1.0,1.0,1.0,,,1.0,,,1.0,,,0.0,1.0,0.0,,,1.0,0.0,1.0,,1.0,1.0,1.0,
Hs 695T,1.0,0.0,,1.0,,1.0,,,,1.0,,1.0,,0.0,,1.0,0.0,1.0,1.0,,0.0,1.0,1.0,
Hs 729,1.0,0.0,0.0,,0.0,,1.0,0.0,,,,0.0,,1.0,,1.0,1.0,1.0,1.0,,0.0,1.0,1.0,0.0
Hs 739.T,0.0,0.0,,,,0.0,,,,1.0,,,1.0,1.0,,,,0.0,1.0,,1.0,1.0,0.0,1.0
Hs 746T,1.0,0.0,0.0,0.0,0.0,,1.0,,0.0,0.0,,0.0,1.0,1.0,1.0,,0.0,1.0,,,1.0,0.0,0.0,1.0
Hs 766T,1.0,1.0,1.0,1.0,1.0,0.0,,,,1.0,,1.0,1.0,0.0,,,,1.0,1.0,,0.0,1.0,0.0,0.0
Hs 840.T,1.0,0.0,,0.0,0.0,1.0,,,,1.0,,0.0,1.0,0.0,,,1.0,1.0,1.0,,1.0,1.0,0.0,1.0
Hs 852.T,1.0,1.0,1.0,1.0,0.0,0.0,,,,1.0,1.0,1.0,1.0,1.0,,,1.0,1.0,1.0,1.0,1.0,1.0,0.0,0.0
Hs 895.T,0.0,,,,1.0,,,,0.0,1.0,,,1.0,1.0,,0.0,,1.0,1.0,,1.0,,0.0,0.0
Hs 936.T,1.0,1.0,,1.0,,1.0,,,,,,1.0,1.0,1.0,,1.0,,1.0,0.0,,1.0,1.0,0.0,0.0
Hs 939.T,1.0,,,1.0,,,1.0,1.0,,1.0,,1.0,0.0,,,1.0,1.0,1.0,1.0,,,1.0,0.0,0.0
Hs 944.T,1.0,0.0,1.0,1.0,1.0,1.0,0.0,1.0,1.0,1.0,,1.0,,1.0,,1.0,1.0,1.0,1.0,0.0,1.0,1.0,1.0,
HuCCT1,1.0,0.0,,1.0,0.0,0.0,,0.0,0.0,0.0,,1.0,,0.0,,0.0,1.0,1.0,0.0,1.0,1.0,0.0,1.0,1.0
HuT 78,1.0,,0.0,1.0,,,,,,,,1.0,,,,,1.0,1.0,1.0,,,,1.0,
IA-LM,0.0,,,,,0.0,,,,,,,,,,,,0.0,0.0,1.0,,,1.0,
IGR-37,1.0,,,1.0,,1.0,,1.0,,0.0,,1.0,,1.0,,1.0,1.0,1.0,1.0,,1.0,1.0,1.0,
IGR-39,1.0,1.0,1.0,0.0,,1.0,,,,,,,,,,1.0,0.0,1.0,1.0,,,0.0,1.0,
IGROV1,0.0,,1.0,0.0,1.0,0.0,,,1.0,0.0,,,,,,,1.0,0.0,,1.0,1.0,0.0,1.0,
IM95,1.0,,,,,,,,,,,1.0,,,,,0.0,1.0,,,,,,1.0
IMR-32,0.0,1.0,1.0,,,,,,,,1.0,,1.0,1.0,0.0,0.0,,1.0,1.0,,1.0,1.0,1.0,1.0
IPC-298,1.0,0.0,,1.0,0.0,1.0,0.0,,1.0,1.0,,1.0,,0.0,,0.0,0.0,1.0,1.0,1.0,0.0,1.0,1.0,
IST-MES1,0.0,,1.0,,,1.0,,,1.0,,1.0,,1.0,0.0,1.0,,0.0,1.0,1.0,0.0,1.0,,1.0,0.0
IST-MES2,1.0,1.0,1.0,,1.0,1.0,1.0,,1.0,,,0.0,1.0,1.0,,1.0,1.0,1.0,1.0,1.0,1.0,1.0,1.0,1.0
Ishikawa (Heraklio) 02 ER-,1.0,1.0,,,,,,,1.0,,,1.0,,,,,1.0,1.0,,,,,0.0,1.0
J82,1.0,1.0,,,,,,0.0,,,,1.0,,1.0,,,1.0,0.0,1.0,,1.0,1.0,1.0,1.0
JHH-2,0.0,0.0,1.0,,1.0,0.0,,,1.0,1.0,,0.0,,1.0,,,0.0,1.0,1.0,,1.0,0.0,,1.0
JHH-4,0.0,0.0,1.0,0.0,1.0,1.0,,1.0,1.0,1.0,,1.0,,,,1.0,0.0,1.0,1.0,,1.0,0.0,1.0,0.0
JHH-5,1.0,1.0,1.0,,1.0,,,,1.0,,,1.0,,0.0,1.0,,1.0,1.0,1.0,1.0,1.0,1.0,1.0,1.0
JHH-6,1.0,,,,,0.0,,,,,,,,,,,1.0,0.0,1.0,,,1.0,,
JHH-7,1.0,1.0,,1.0,1.0,,,,0.0,,1.0,1.0,,1.0,,,1.0,1.0,,1.0,1.0,1.0,0.0,0.0
JHOS-2,1.0,0.0,,,,,0.0,1.0,,,,1.0,,,,1.0,0.0,0.0,,,1.0,1.0,1.0,
JHOS-4,0.0,1.0,1.0,,1.0,,,1.0,0.0,0.0,,,,1.0,,,1.0,1.0,1.0,,1.0,,0.0,1.0
JHUEM-2,1.0,1.0,0.0,,1.0,,,,,,0.0,1.0,,1.0,,,1.0,1.0,,,1.0,0.0,1.0,1.0
JM1,0.0,,,,,,,,,0.0,,,,,,,1.0,1.0,,,,,1.0,
JMSU-1,1.0,1.0,0.0,0.0,1.0,1.0,1.0,,,1.0,0.0,1.0,1.0,0.0,,1.0,1.0,1.0,1.0,1.0,1.0,1.0,1.0,1.0
JURKAT,0.0,0.0,1.0,,0.0,1.0,1.0,,0.0,1.0,,,1.0,1.0,1.0,1.0,1.0,1.0,1.0,1.0,1.0,1.0,1.0,1.0
JVM-3,1.0,1.0,1.0,1.0,1.0,1.0,,,,,,,1.0,1.0,,0.0,,1.0,1.0,0.0,1.0,1.0,1.0,1.0
K029AX,1.0,1.0,,1.0,,1.0,,,1.0,1.0,1.0,1.0,1.0,1.0,0.0,1.0,,1.0,1.0,,0.0,1.0,1.0,0.0
KALS-1,1.0,,1.0,0.0,,1.0,,1.0,,1.0,,1.0,,,,1.0,1.0,0.0,1.0,,1.0,1.0,1.0,
KARPAS-299,1.0,1.0,,1.0,,,,0.0,,,,1.0,0.0,1.0,1.0,,1.0,1.0,0.0,,1.0,1.0,1.0,
KARPAS-422,1.0,1.0,1.0,1.0,,1.0,1.0,,,,,,,1.0,1.0,,0.0,1.0,1.0,,1.0,1.0,1.0,
KARPAS-620,0.0,1.0,,1.0,,0.0,1.0,,,,0.0,1.0,1.0,0.0,1.0,,1.0,1.0,0.0,,1.0,1.0,1.0,
KASUMI-2,1.0,1.0,1.0,1.0,1.0,1.0,0.0,,,1.0,0.0,1.0,1.0,1.0,0.0,,1.0,1.0,1.0,0.0,1.0,1.0,1.0,
KCI-MOH1,1.0,1.0,1.0,1.0,1.0,,,,0.0,,,1.0,,1.0,,,,1.0,,,1.0,1.0,0.0,1.0
KCL-22,1.0,0.0,1.0,1.0,1.0,1.0,0.0,1.0,0.0,1.0,1.0,1.0,1.0,1.0,1.0,0.0,1.0,1.0,0.0,1.0,1.0,0.0,1.0,1.0
KE-39,1.0,1.0,1.0,,1.0,,0.0,,0.0,1.0,,0.0,1.0,1.0,,,1.0,1.0,1.0,,1.0,1.0,0.0,1.0
KE-97,1.0,1.0,1.0,,0.0,1.0,1.0,,0.0,,1.0,,0.0,0.0,,0.0,,1.0,1.0,1.0,1.0,1.0,1.0,
KELLY,0.0,,,,,,,,,,,1.0,,,,,0.0,1.0,,,1.0,,1.0,
KG-1,,,,1.0,,,,,,,,,,,,,0.0,1.0,1.0,,1.0,1.0,1.0,1.0
KHM-1B,1.0,1.0,0.0,1.0,1.0,1.0,0.0,,1.0,,1.0,1.0,1.0,1.0,1.0,,,1.0,1.0,1.0,1.0,,1.0,1.0
KLE,,,,,,0.0,,,,,,,,,,,,1.0,,,,,0.0,1.0
KMBC-2,1.0,1.0,,1.0,1.0,0.0,,1.0,1.0,,,1.0,1.0,,,,0.0,1.0,0.0,,,0.0,1.0,1.0
KMM-1,1.0,1.0,1.0,1.0,1.0,1.0,0.0,,1.0,1.0,,1.0,0.0,1.0,,,1.0,1.0,1.0,1.0,1.0,1.0,1.0,1.0
KMRC-1,1.0,1.0,1.0,,0.0,1.0,,,1.0,1.0,1.0,1.0,0.0,0.0,1.0,,0.0,0.0,1.0,,0.0,1.0,1.0,1.0
KMRC-2,0.0,,1.0,,,0.0,,,1.0,0.0,,0.0,,,,,1.0,1.0,1.0,,0.0,1.0,0.0,0.0
KMS-11,1.0,1.0,,,,1.0,1.0,,0.0,1.0,,0.0,1.0,1.0,1.0,,1.0,1.0,1.0,0.0,1.0,1.0,1.0,1.0
KMS-12-BM,1.0,,,,,,,,,,,,,1.0,,,1.0,1.0,,,1.0,,1.0,
KMS-26,1.0,1.0,,,,1.0,1.0,1.0,1.0,0.0,1.0,0.0,1.0,1.0,0.0,,1.0,1.0,1.0,0.0,1.0,0.0,1.0,1.0
KMS-34,1.0,1.0,,,,1.0,1.0,,0.0,1.0,,,1.0,0.0,1.0,,1.0,1.0,,1.0,1.0,0.0,1.0,
KNS-42,1.0,1.0,,,,1.0,,,,,,,0.0,1.0,,,1.0,0.0,1.0,,0.0,1.0,1.0,0.0
KNS-60,1.0,0.0,,,,1.0,1.0,1.0,,1.0,,1.0,1.0,1.0,,,1.0,1.0,1.0,,0.0,1.0,1.0,0.0
KNS-62,0.0,1.0,,1.0,,,,,1.0,,,0.0,,,,,0.0,0.0,1.0,,,1.0,0.0,
KNS-81,1.0,1.0,1.0,1.0,,1.0,,,1.0,1.0,0.0,1.0,1.0,1.0,,,0.0,0.0,1.0,1.0,1.0,1.0,1.0,1.0
KO52,0.0,,,1.0,1.0,1.0,,,,1.0,,1.0,1.0,1.0,,,0.0,1.0,1.0,,1.0,1.0,1.0,
KP-1N,0.0,1.0,0.0,,,0.0,,,1.0,0.0,,1.0,,1.0,,,1.0,0.0,0.0,,1.0,1.0,0.0,
KP-1NL,0.0,1.0,1.0,1.0,,0.0,,,0.0,1.0,,1.0,,0.0,,1.0,0.0,0.0,0.0,0.0,1.0,0.0,0.0,
KP-2,1.0,1.0,1.0,1.0,,0.0,,,1.0,1.0,,1.0,,1.0,,,1.0,1.0,0.0,1.0,1.0,1.0,0.0,
KP-3,1.0,1.0,1.0,0.0,0.0,0.0,,0.0,,,1.0,1.0,1.0,1.0,,1.0,0.0,0.0,1.0,1.0,1.0,1.0,1.0,0.0
KP-N-SI9s,1.0,1.0,0.0,1.0,,1.0,1.0,,0.0,0.0,1.0,1.0,1.0,1.0,1.0,1.0,1.0,1.0,1.0,1.0,1.0,0.0,1.0,1.0
KP4,1.0,1.0,1.0,1.0,1.0,1.0,1.0,,1.0,1.0,,0.0,1.0,1.0,1.0,,1.0,1.0,0.0,1.0,1.0,0.0,1.0,0.0
KU812,1.0,,1.0,1.0,1.0,1.0,,,1.0,1.0,,1.0,0.0,1.0,,,1.0,1.0,1.0,,,1.0,1.0,1.0
KURAMOCHI,,1.0,1.0,,1.0,0.0,,,1.0,1.0,,1.0,,,1.0,,1.0,0.0,1.0,,1.0,1.0,1.0,1.0
KYM-1,1.0,1.0,,0.0,,,,1.0,,,1.0,1.0,,,,,1.0,1.0,,,,,1.0,
KYSE-140,0.0,1.0,1.0,1.0,1.0,,,,1.0,,,0.0,,,,0.0,,1.0,,1.0,0.0,1.0,,1.0
KYSE-150,1.0,1.0,0.0,,1.0,,,,1.0,,,1.0,,,,,1.0,0.0,1.0,,1.0,1.0,0.0,0.0
KYSE-180,1.0,1.0,1.0,,1.0,,,,1.0,,,0.0,,,,0.0,,1.0,,1.0,1.0,0.0,1.0,1.0
KYSE-30,0.0,1.0,0.0,1.0,1.0,0.0,,,0.0,0.0,,1.0,,1.0,,1.0,1.0,0.0,1.0,1.0,1.0,1.0,1.0,1.0
KYSE-410,1.0,0.0,1.0,,1.0,,,,1.0,0.0,,0.0,,,,,0.0,1.0,1.0,,0.0,0.0,0.0,0.0
KYSE-450,0.0,1.0,1.0,,1.0,,,,1.0,,,0.0,,,,,1.0,0.0,,,,0.0,0.0,1.0
KYSE-510,1.0,0.0,,,,,,,1.0,,,,,,,1.0,,0.0,,0.0,0.0,0.0,1.0,
KYSE-520,1.0,1.0,1.0,0.0,1.0,0.0,,1.0,1.0,0.0,,0.0,,1.0,,,1.0,1.0,0.0,1.0,1.0,0.0,0.0,1.0
KYSE-70,1.0,1.0,0.0,1.0,1.0,,,,1.0,,,1.0,,,,,1.0,1.0,,1.0,1.0,1.0,0.0,1.0
L-363,1.0,1.0,0.0,,,1.0,1.0,1.0,1.0,1.0,,,1.0,1.0,0.0,,1.0,1.0,1.0,0.0,1.0,,1.0,1.0
L-428,0.0,1.0,,,1.0,1.0,,,1.0,1.0,,,1.0,1.0,,1.0,0.0,1.0,1.0,1.0,1.0,1.0,1.0,
L3.3,1.0,,,0.0,1.0,1.0,,,1.0,,,0.0,,1.0,,,1.0,1.0,1.0,1.0,1.0,0.0,1.0,1.0
LC-1/sq-SF,1.0,1.0,1.0,1.0,1.0,,,1.0,,,,,1.0,,,,0.0,0.0,0.0,,1.0,0.0,0.0,1.0
LCLC-103H,0.0,0.0,,,,0.0,,,,,,1.0,,,,,0.0,0.0,0.0,1.0,0.0,1.0,1.0,
LN-18,1.0,1.0,,,,1.0,,,0.0,,,,,1.0,1.0,,0.0,1.0,1.0,,,1.0,1.0,
LN-229,1.0,0.0,0.0,1.0,0.0,,1.0,,1.0,0.0,0.0,0.0,1.0,0.0,,,1.0,1.0,1.0,0.0,1.0,1.0,0.0,1.0
LOU-NH91,1.0,,1.0,,0.0,1.0,,,,,,,,1.0,,,1.0,0.0,1.0,,1.0,,1.0,
LOX IMVI,1.0,0.0,1.0,1.0,,,,,,,1.0,0.0,,1.0,,1.0,1.0,1.0,1.0,1.0,1.0,1.0,1.0,
LP-1,0.0,1.0,,,,0.0,,,,1.0,,,1.0,,,,0.0,1.0,,,,,1.0,
LS123,1.0,0.0,1.0,1.0,1.0,,,,,0.0,,1.0,,1.0,,,0.0,1.0,0.0,,0.0,,0.0,0.0
LS411N,1.0,1.0,,1.0,,,,,,,,1.0,,1.0,,1.0,1.0,1.0,1.0,,1.0,1.0,1.0,
LS513,1.0,1.0,,1.0,,1.0,,,0.0,1.0,,1.0,0.0,0.0,,,1.0,1.0,,,1.0,,,1.0
LU99,1.0,1.0,1.0,1.0,0.0,1.0,0.0,,1.0,1.0,0.0,1.0,1.0,1.0,,1.0,1.0,1.0,1.0,1.0,1.0,1.0,1.0,0.0
LUDLU-1,1.0,,0.0,1.0,1.0,,,,,1.0,,,1.0,0.0,,0.0,1.0,1.0,1.0,,1.0,0.0,1.0,1.0
M059J,1.0,,1.0,,,,,1.0,,1.0,,,,,,,1.0,0.0,0.0,,1.0,0.0,0.0,
MB 157,1.0,,1.0,,1.0,1.0,,,,,,1.0,,,,,1.0,1.0,0.0,,,1.0,1.0,1.0
MC116,0.0,,,,,,,,,,1.0,,1.0,,,,1.0,0.0,,,,,1.0,
MCAS,1.0,0.0,1.0,0.0,,1.0,,1.0,1.0,0.0,,1.0,,1.0,,,1.0,1.0,1.0,,1.0,0.0,0.0,0.0
MCF7,,1.0,,,,1.0,,,0.0,,,,,,,,1.0,,,,1.0,1.0,1.0,
MDA-MB-157,,1.0,1.0,,,,1.0,1.0,,,,,,1.0,,,1.0,1.0,1.0,1.0,,1.0,1.0,1.0
MDA-MB-175-VII,1.0,,1.0,0.0,1.0,,,,1.0,,,1.0,,,,,,0.0,,,,1.0,0.0,1.0
MDA-MB-415,1.0,,,,,,,,,1.0,,,,,,,,1.0,,,,0.0,,
MDA-MB-435S,1.0,0.0,,1.0,,1.0,,,1.0,1.0,1.0,1.0,1.0,0.0,1.0,1.0,1.0,1.0,0.0,0.0,1.0,1.0,1.0,
MDA-MB-436,1.0,1.0,,,,,1.0,,1.0,1.0,,1.0,,0.0,,,1.0,1.0,1.0,,1.0,1.0,1.0,
MDA-MB-453,1.0,0.0,1.0,0.0,,1.0,,1.0,1.0,0.0,,1.0,1.0,1.0,,0.0,,1.0,1.0,1.0,,1.0,1.0,0.0
MDA-MB-468,0.0,0.0,0.0,,,1.0,,,1.0,1.0,,,,1.0,,,1.0,0.0,1.0,,1.0,,1.0,1.0
MEC-1,0.0,,1.0,,,1.0,1.0,,,0.0,,1.0,0.0,0.0,0.0,,1.0,1.0,0.0,0.0,,1.0,1.0,0.0
MEG-01,0.0,0.0,1.0,0.0,0.0,1.0,,,0.0,1.0,,1.0,,1.0,1.0,,0.0,1.0,1.0,,,1.0,1.0,1.0
MEL-HO,1.0,1.0,0.0,1.0,1.0,1.0,,0.0,1.0,0.0,,1.0,,0.0,,1.0,1.0,1.0,1.0,1.0,0.0,0.0,1.0,0.0
MES-SA,1.0,,,,,,0.0,1.0,,,1.0,,1.0,1.0,,,1.0,0.0,0.0,1.0,1.0,1.0,1.0,
MFE-280,1.0,,,,0.0,0.0,1.0,,,1.0,,,,,,,0.0,1.0,,,,,0.0,1.0
MFE-296,0.0,0.0,1.0,,1.0,,1.0,,1.0,,,0.0,,0.0,,1.0,1.0,1.0,1.0,1.0,0.0,1.0,1.0,1.0
MFE-319,,1.0,,,1.0,,,,,,,,,,,,1.0,1.0,,,,1.0,0.0,1.0
MG-63,0.0,1.0,0.0,,1.0,1.0,,,1.0,1.0,,1.0,1.0,1.0,,,1.0,1.0,1.0,,1.0,0.0,1.0,1.0
MHH-ES-1,1.0,1.0,1.0,1.0,0.0,1.0,0.0,,0.0,0.0,,1.0,1.0,0.0,1.0,1.0,1.0,1.0,1.0,1.0,1.0,1.0,1.0,1.0
MIA PaCa-2,1.0,1.0,1.0,1.0,,1.0,,,0.0,1.0,,1.0,,0.0,,,1.0,1.0,1.0,1.0,1.0,0.0,1.0,1.0
MJ,1.0,1.0,,,,,,,,,,,1.0,1.0,,,1.0,1.0,,,0.0,,1.0,1.0
MKN-45,1.0,,,1.0,,1.0,1.0,,,0.0,0.0,1.0,,1.0,1.0,,1.0,1.0,1.0,1.0,1.0,1.0,1.0,
MKN7,0.0,,,,,1.0,,,,,,1.0,,,,,,0.0,,,0.0,,0.0,
MKN74,1.0,1.0,,,0.0,0.0,,,,,,1.0,,,,,1.0,0.0,1.0,,1.0,,1.0,
MOG-G-CCM,1.0,,1.0,,,,,,,,,0.0,1.0,,,,0.0,0.0,0.0,,,,1.0,
MOLP-8,0.0,1.0,,1.0,,1.0,,,,1.0,1.0,1.0,1.0,1.0,,,,1.0,0.0,,1.0,1.0,1.0,
MOLT-16,0.0,0.0,,,,1.0,1.0,1.0,,,1.0,,1.0,0.0,1.0,,1.0,1.0,1.0,0.0,,,1.0,1.0
MONO-MAC-1,1.0,1.0,1.0,,1.0,1.0,1.0,,1.0,0.0,,1.0,,,1.0,,1.0,1.0,1.0,1.0,1.0,1.0,1.0,1.0
MOR/CPR,1.0,1.0,,,,,,1.0,1.0,,,1.0,,,,,1.0,1.0,,,1.0,1.0,1.0,
MPP 89,1.0,1.0,1.0,,,1.0,,,1.0,0.0,,0.0,,1.0,,,0.0,1.0,1.0,,1.0,0.0,1.0,1.0
MSTO-211H,1.0,,1.0,1.0,,,,,1.0,1.0,1.0,0.0,0.0,1.0,0.0,1.0,1.0,1.0,1.0,0.0,1.0,1.0,1.0,0.0
Malme-3M,1.0,0.0,,1.0,1.0,0.0,,1.0,1.0,1.0,,1.0,1.0,1.0,,1.0,1.0,1.0,1.0,0.0,1.0,1.0,0.0,0.0
MeWo,,,,,,,,,,,,1.0,,,,,1.0,1.0,1.0,,0.0,0.0,,
Mino,1.0,1.0,,0.0,1.0,1.0,,,1.0,,,,1.0,,,1.0,1.0,1.0,1.0,,,1.0,1.0,0.0
NCI-H1048,1.0,0.0,1.0,,,1.0,,,1.0,0.0,,0.0,,1.0,,,1.0,1.0,0.0,1.0,1.0,1.0,1.0,1.0
NCI-H1092,0.0,,,,,1.0,,,,,,,,0.0,,,,1.0,0.0,,,1.0,0.0,
NCI-H1155,1.0,1.0,,,1.0,,1.0,,0.0,,,1.0,,1.0,,1.0,0.0,1.0,,,,1.0,1.0,
NCI-H1184,1.0,,,,,1.0,,,,,,,,,,,1.0,1.0,,,,,1.0,
NCI-H1299,1.0,1.0,1.0,1.0,0.0,,1.0,,1.0,,,1.0,,,,,1.0,0.0,1.0,,0.0,0.0,1.0,
NCI-H1339,1.0,0.0,1.0,,,1.0,1.0,,,1.0,,,1.0,,,,0.0,1.0,1.0,1.0,1.0,0.0,1.0,
NCI-H1341,1.0,,,,,1.0,,,,,,,,,,,,1.0,1.0,,1.0,,,
NCI-H1355,1.0,1.0,1.0,0.0,1.0,,1.0,,0.0,1.0,1.0,1.0,1.0,1.0,,1.0,1.0,1.0,1.0,,1.0,1.0,0.0,1.0
NCI-H1373,1.0,0.0,,,,0.0,,,,,,,,1.0,,1.0,,1.0,1.0,,,1.0,0.0,1.0
NCI-H1563,1.0,1.0,0.0,,,,,,,,,,,0.0,,,,0.0,1.0,,1.0,1.0,,
NCI-H1568,1.0,1.0,0.0,1.0,0.0,,1.0,1.0,1.0,1.0,,,1.0,1.0,,1.0,1.0,1.0,1.0,0.0,1.0,1.0,1.0,1.0
NCI-H1573,1.0,1.0,,1.0,1.0,,,,,,1.0,1.0,1.0,,,,1.0,0.0,0.0,,1.0,,0.0,
NCI-H1581,0.0,,,,,,,,,,,1.0,,,,,0.0,1.0,,,,,1.0,
NCI-H1648,1.0,1.0,,,1.0,,1.0,,,1.0,,0.0,,,,1.0,1.0,1.0,1.0,,,,0.0,
NCI-H1650,1.0,0.0,1.0,,1.0,,1.0,,1.0,1.0,1.0,,1.0,1.0,,1.0,1.0,0.0,1.0,,1.0,0.0,0.0,1.0
NCI-H1651,1.0,0.0,1.0,,0.0,,,,,,,,1.0,1.0,,,0.0,1.0,0.0,1.0,1.0,1.0,1.0,
NCI-H1666,1.0,1.0,1.0,1.0,1.0,1.0,,,1.0,1.0,,1.0,,,,,,0.0,1.0,1.0,,,1.0,1.0
NCI-H1693,1.0,1.0,1.0,,1.0,1.0,,,0.0,0.0,,1.0,,1.0,,,0.0,1.0,,,0.0,0.0,1.0,1.0
NCI-H1694,,,,,,1.0,,,,,,,,,,,1.0,1.0,,,,,1.0,
NCI-H1703,1.0,1.0,1.0,,1.0,,1.0,,1.0,,,,,,,,1.0,0.0,,1.0,0.0,1.0,1.0,1.0
NCI-H1792,1.0,1.0,1.0,1.0,1.0,,,,0.0,0.0,,0.0,1.0,1.0,,,0.0,0.0,1.0,,1.0,0.0,1.0,
NCI-H1793,1.0,0.0,1.0,1.0,1.0,,,,1.0,,1.0,1.0,1.0,,,,1.0,,1.0,,1.0,1.0,0.0,1.0
NCI-H1869,1.0,1.0,,,,0.0,,,1.0,,,,,,,,,0.0,,,1.0,1.0,,
NCI-H1915,1.0,1.0,1.0,0.0,0.0,1.0,,0.0,1.0,,,1.0,0.0,1.0,,,1.0,1.0,1.0,,1.0,0.0,0.0,1.0
NCI-H1944,1.0,1.0,1.0,1.0,1.0,,,0.0,1.0,,,1.0,1.0,,,,1.0,1.0,1.0,,1.0,,0.0,0.0
NCI-H1975,1.0,1.0,0.0,1.0,0.0,0.0,1.0,,1.0,,,0.0,,1.0,,1.0,1.0,1.0,1.0,,1.0,1.0,1.0,
NCI-H2009,1.0,1.0,1.0,,1.0,1.0,,,1.0,1.0,,1.0,,1.0,,,1.0,1.0,1.0,,1.0,1.0,1.0,1.0
NCI-H2023,1.0,1.0,0.0,1.0,1.0,,,,1.0,1.0,1.0,1.0,1.0,0.0,1.0,,1.0,1.0,0.0,,0.0,1.0,1.0,1.0
NCI-H2030,1.0,1.0,1.0,1.0,0.0,1.0,,,1.0,1.0,,0.0,0.0,0.0,,1.0,1.0,0.0,1.0,1.0,0.0,1.0,1.0,0.0
NCI-H2052,1.0,1.0,0.0,,,,,,,,1.0,,1.0,0.0,,1.0,0.0,1.0,1.0,1.0,0.0,0.0,1.0,1.0
NCI-H2085,0.0,,1.0,,,,0.0,1.0,1.0,1.0,,,,1.0,,,1.0,1.0,,,1.0,,0.0,1.0
NCI-H2087,1.0,0.0,1.0,1.0,1.0,,0.0,,1.0,0.0,,1.0,1.0,1.0,,1.0,1.0,1.0,1.0,1.0,0.0,1.0,1.0,1.0
NCI-H211,1.0,1.0,,1.0,,1.0,1.0,0.0,1.0,0.0,,,1.0,1.0,1.0,,1.0,1.0,1.0,1.0,1.0,1.0,1.0,
NCI-H2122,1.0,,1.0,0.0,0.0,1.0,1.0,,1.0,0.0,,1.0,1.0,1.0,,0.0,1.0,1.0,1.0,0.0,1.0,1.0,1.0,
NCI-H2170,1.0,,1.0,,1.0,1.0,,,1.0,1.0,,,1.0,1.0,,1.0,,1.0,0.0,1.0,1.0,1.0,1.0,1.0
NCI-H2172,,,,,,,,,,,,,,,,,0.0,,,,,,,
NCI-H2228,1.0,1.0,0.0,,1.0,1.0,,,,1.0,,0.0,,1.0,,0.0,1.0,1.0,1.0,1.0,1.0,1.0,1.0,1.0
NCI-H226,1.0,,,,,,,,,,,1.0,0.0,1.0,,,,0.0,1.0,,1.0,1.0,1.0,
NCI-H2286,1.0,1.0,1.0,1.0,1.0,1.0,0.0,,1.0,1.0,1.0,0.0,,0.0,1.0,1.0,1.0,1.0,1.0,0.0,1.0,1.0,1.0,1.0
NCI-H23,1.0,1.0,,,,,1.0,,1.0,1.0,,1.0,0.0,,,,1.0,1.0,1.0,,1.0,1.0,1.0,
NCI-H2444,1.0,,0.0,0.0,0.0,0.0,,1.0,,,,1.0,0.0,,,,0.0,1.0,0.0,,,,0.0,1.0
NCI-H2452,1.0,,0.0,,,1.0,,,1.0,1.0,,,,1.0,,,1.0,0.0,1.0,0.0,0.0,,0.0,0.0
NCI-H28,1.0,1.0,1.0,,1.0,,1.0,,1.0,0.0,,1.0,1.0,1.0,,,0.0,0.0,1.0,,1.0,1.0,1.0,1.0
NCI-H322,1.0,1.0,1.0,1.0,1.0,1.0,,,1.0,1.0,,1.0,,1.0,,,1.0,0.0,1.0,,1.0,1.0,0.0,1.0
NCI-H3255,1.0,1.0,1.0,0.0,1.0,1.0,,,1.0,1.0,,0.0,,1.0,,,0.0,1.0,0.0,,1.0,,0.0,1.0
NCI-H358,1.0,1.0,1.0,1.0,1.0,,1.0,,1.0,1.0,1.0,1.0,1.0,1.0,,1.0,1.0,0.0,1.0,1.0,1.0,1.0,0.0,1.0
NCI-H441,1.0,1.0,0.0,,1.0,1.0,,,0.0,,,1.0,1.0,1.0,,1.0,1.0,0.0,0.0,0.0,0.0,1.0,1.0,0.0
NCI-H460,1.0,0.0,,1.0,,,,,,,1.0,1.0,,1.0,,,0.0,1.0,0.0,,0.0,1.0,1.0,
NCI-H520,1.0,1.0,,,,1.0,,,,1.0,,0.0,1.0,1.0,,,1.0,1.0,1.0,0.0,1.0,1.0,1.0,0.0
NCI-H522,1.0,1.0,1.0,,0.0,0.0,,,1.0,1.0,,,,,,,1.0,1.0,1.0,,0.0,1.0,0.0,
NCI-H647,1.0,,1.0,,,,,,,,,1.0,0.0,,,,1.0,0.0,0.0,,1.0,,0.0,1.0
NCI-H650,0.0,0.0,,0.0,1.0,,,1.0,1.0,0.0,,0.0,0.0,1.0,,,,0.0,1.0,,1.0,1.0,1.0,0.0
NCI-H661,0.0,1.0,,,,1.0,1.0,,0.0,,,,0.0,,,,0.0,0.0,1.0,,,,0.0,
NCI-H727,1.0,1.0,,1.0,,0.0,,,,,,1.0,,,,,,1.0,,,,,,
NCI-H747,1.0,1.0,0.0,1.0,1.0,,,,,1.0,,1.0,1.0,1.0,,,1.0,1.0,1.0,,0.0,,1.0,1.0
NCI-H810,0.0,0.0,,,,1.0,1.0,,1.0,1.0,,,0.0,1.0,,,1.0,1.0,1.0,1.0,1.0,1.0,1.0,
NCI-N87,1.0,,,,1.0,,1.0,,1.0,1.0,,0.0,,,,,1.0,1.0,1.0,,1.0,1.0,1.0,1.0
NCO2,1.0,,1.0,1.0,1.0,1.0,1.0,,0.0,1.0,,1.0,0.0,1.0,1.0,,,1.0,0.0,1.0,,1.0,1.0,1.0
NIH:OVCAR-3,1.0,,1.0,,,1.0,,,,,,,,,,,1.0,1.0,0.0,,1.0,,1.0,1.0
NUGC-3,1.0,1.0,1.0,0.0,1.0,1.0,,,1.0,1.0,,1.0,1.0,0.0,,1.0,1.0,1.0,1.0,1.0,1.0,1.0,1.0,1.0
NUGC-4,1.0,1.0,1.0,1.0,1.0,,,,1.0,1.0,1.0,1.0,1.0,1.0,1.0,,1.0,1.0,0.0,0.0,1.0,0.0,1.0,1.0
OC 314,1.0,,1.0,,1.0,,,,0.0,,,1.0,0.0,,,,1.0,0.0,1.0,,,1.0,1.0,1.0
OC 315,1.0,,1.0,0.0,0.0,1.0,,,0.0,,,1.0,1.0,,,,1.0,1.0,1.0,,,1.0,1.0,1.0
OC 316,1.0,,0.0,,1.0,1.0,,,0.0,,,,1.0,,,,1.0,0.0,1.0,,,0.0,1.0,0.0
OCI-AML2,1.0,1.0,0.0,1.0,,1.0,,,,1.0,1.0,1.0,1.0,1.0,,1.0,1.0,1.0,1.0,1.0,1.0,1.0,1.0,
OCI-AML5,0.0,1.0,1.0,1.0,1.0,1.0,1.0,,,1.0,1.0,1.0,1.0,1.0,1.0,,1.0,1.0,0.0,1.0,1.0,0.0,1.0,1.0
OCI-LY10,0.0,,,,,,,,1.0,,,1.0,,,,,,1.0,0.0,,,,0.0,
OCUM-1,1.0,1.0,,1.0,,1.0,,,,,,1.0,1.0,1.0,,,1.0,1.0,1.0,,1.0,1.0,1.0,
OE21,1.0,0.0,1.0,0.0,1.0,1.0,,0.0,1.0,,,1.0,,0.0,1.0,,1.0,1.0,1.0,,1.0,,1.0,1.0
OE33,1.0,1.0,1.0,1.0,0.0,1.0,,,0.0,1.0,,1.0,1.0,1.0,1.0,,,1.0,1.0,,1.0,1.0,1.0,1.0
ONCO-DG-1,1.0,0.0,1.0,,1.0,1.0,,,0.0,1.0,,0.0,0.0,,,,1.0,0.0,1.0,1.0,1.0,0.0,1.0,1.0
ONS-76,0.0,,1.0,1.0,,0.0,,,,1.0,0.0,1.0,1.0,0.0,,1.0,,0.0,0.0,1.0,0.0,1.0,1.0,
OPM-2,0.0,1.0,,,,1.0,,,,,,,,1.0,,,0.0,1.0,,,1.0,,1.0,
OV-90,1.0,1.0,,1.0,,1.0,,,1.0,0.0,,1.0,,1.0,,,1.0,1.0,1.0,1.0,0.0,0.0,1.0,1.0
OVCAR-4,0.0,1.0,,,,0.0,,1.0,1.0,1.0,,,,,,,1.0,0.0,0.0,1.0,1.0,1.0,1.0,0.0
OVCAR-8,1.0,,1.0,,1.0,1.0,0.0,1.0,0.0,0.0,,0.0,,0.0,0.0,0.0,1.0,1.0,0.0,1.0,0.0,1.0,1.0,0.0
OVMANA,0.0,1.0,1.0,,1.0,0.0,,,1.0,0.0,,1.0,,0.0,,0.0,0.0,0.0,1.0,0.0,1.0,1.0,0.0,1.0
OVSAHO,0.0,1.0,,,1.0,0.0,1.0,,1.0,,,0.0,1.0,,,,,0.0,0.0,1.0,0.0,1.0,0.0,1.0
OVTOKO,0.0,,1.0,,1.0,1.0,,,1.0,,,,,0.0,,,0.0,0.0,1.0,1.0,0.0,1.0,1.0,
P12-ICHIKAWA,0.0,1.0,,1.0,1.0,1.0,0.0,,1.0,0.0,,1.0,1.0,0.0,1.0,1.0,1.0,1.0,1.0,0.0,1.0,1.0,1.0,
P31/FUJ,0.0,1.0,,1.0,,1.0,1.0,,,,,1.0,,1.0,0.0,,1.0,1.0,1.0,1.0,1.0,1.0,1.0,
P3HR-1,0.0,,1.0,,,,,,,1.0,,1.0,0.0,,,,1.0,1.0,,,,1.0,1.0,1.0
PA-TU-8902,0.0,1.0,1.0,1.0,0.0,,1.0,,1.0,,,1.0,,1.0,,,1.0,0.0,,1.0,1.0,1.0,1.0,
PC-14,1.0,0.0,1.0,,1.0,,1.0,,1.0,,,1.0,,1.0,,,1.0,1.0,,,1.0,1.0,1.0,1.0
PC-3,1.0,0.0,1.0,,1.0,1.0,1.0,,1.0,1.0,,,,1.0,,1.0,1.0,1.0,0.0,0.0,1.0,0.0,1.0,1.0
PK-1,1.0,1.0,0.0,0.0,0.0,1.0,,,0.0,1.0,,0.0,,1.0,,1.0,1.0,1.0,1.0,1.0,1.0,1.0,0.0,1.0
PK-45H,1.0,0.0,1.0,1.0,1.0,0.0,,,1.0,1.0,,1.0,,1.0,,1.0,1.0,1.0,1.0,,1.0,0.0,,1.0
PK-59,1.0,0.0,1.0,1.0,1.0,0.0,,,1.0,1.0,,1.0,1.0,1.0,,,1.0,0.0,0.0,0.0,1.0,0.0,0.0,1.0
PL45,1.0,1.0,1.0,1.0,,1.0,,,1.0,,,1.0,,,,,1.0,1.0,0.0,,1.0,1.0,1.0,
PLC/PRF/5,1.0,1.0,1.0,,1.0,1.0,,,0.0,1.0,,1.0,1.0,1.0,,,1.0,1.0,0.0,1.0,1.0,1.0,0.0,1.0
PSN1,1.0,1.0,,1.0,,,,,,,,1.0,,,,,0.0,1.0,,,0.0,1.0,1.0,
Panc 02.03,1.0,1.0,0.0,1.0,1.0,1.0,,,0.0,1.0,,1.0,1.0,0.0,,,1.0,1.0,1.0,1.0,0.0,1.0,0.0,1.0
Panc 03.27,1.0,1.0,1.0,1.0,1.0,1.0,,1.0,1.0,,,1.0,,,,0.0,1.0,0.0,1.0,,1.0,1.0,1.0,1.0
Panc 04.03,1.0,1.0,1.0,1.0,1.0,1.0,,,,1.0,,1.0,,1.0,,,1.0,1.0,1.0,,1.0,,1.0,1.0
Panc 10.05,1.0,1.0,1.0,1.0,,1.0,,,1.0,,,1.0,,,,,1.0,1.0,1.0,,1.0,1.0,1.0,1.0
Pfeiffer,0.0,1.0,1.0,0.0,,,,,1.0,,,1.0,,,,1.0,1.0,1.0,1.0,,1.0,0.0,1.0,1.0
QGP-1,1.0,1.0,,1.0,1.0,,,,1.0,,,1.0,,,,,,1.0,,,1.0,0.0,,
RD,1.0,1.0,0.0,1.0,,,1.0,,,,,1.0,,1.0,,,0.0,1.0,1.0,0.0,1.0,1.0,1.0,1.0
RERF-GC-1B,0.0,1.0,1.0,1.0,1.0,,,,1.0,,,1.0,,,,,1.0,1.0,1.0,,0.0,1.0,1.0,1.0
RERF-LC-AI,1.0,0.0,,,1.0,1.0,,,1.0,1.0,,0.0,,1.0,,,1.0,1.0,1.0,,0.0,1.0,1.0,
RERF-LC-MS,1.0,1.0,,,,,,,,,,0.0,1.0,,,,1.0,0.0,0.0,,1.0,1.0,0.0,1.0
RKN,0.0,0.0,1.0,1.0,,1.0,,,,1.0,,1.0,1.0,0.0,,1.0,0.0,0.0,0.0,0.0,0.0,1.0,1.0,1.0
RKO,1.0,1.0,0.0,1.0,1.0,1.0,1.0,,1.0,1.0,,1.0,1.0,1.0,,1.0,1.0,1.0,1.0,1.0,1.0,0.0,1.0,
RL95-2,1.0,1.0,1.0,0.0,1.0,0.0,,,1.0,1.0,1.0,1.0,,1.0,,,1.0,1.0,1.0,,1.0,1.0,0.0,0.0
RPMI-7951,1.0,1.0,1.0,1.0,,,1.0,,,,,1.0,,1.0,,,1.0,1.0,1.0,,1.0,1.0,1.0,0.0
RPMI-8402,0.0,1.0,0.0,,1.0,1.0,1.0,0.0,1.0,1.0,1.0,,1.0,0.0,0.0,0.0,1.0,1.0,0.0,1.0,1.0,0.0,1.0,1.0
RT-112,1.0,1.0,0.0,0.0,,1.0,,,1.0,1.0,,1.0,1.0,1.0,0.0,,1.0,1.0,1.0,1.0,1.0,1.0,1.0,1.0
RT4,1.0,,1.0,0.0,1.0,1.0,,,1.0,,,1.0,,,,,1.0,1.0,,,,1.0,1.0,1.0
RVH-421,1.0,,,1.0,,0.0,,,,,,1.0,1.0,,,1.0,0.0,1.0,1.0,,,1.0,0.0,
Raji,0.0,,,,,,,,1.0,1.0,,,,,,,1.0,1.0,,,,,1.0,
Reh,0.0,1.0,,,,,1.0,1.0,1.0,1.0,1.0,,0.0,0.0,1.0,,1.0,1.0,,1.0,1.0,0.0,1.0,
SBC-5,1.0,0.0,,0.0,,1.0,,,1.0,0.0,,1.0,1.0,1.0,1.0,,1.0,1.0,0.0,1.0,1.0,1.0,1.0,0.0
SCC-25,1.0,,1.0,1.0,,,,0.0,1.0,,,0.0,1.0,0.0,,1.0,1.0,,1.0,,1.0,1.0,1.0,1.0
SCC-9,1.0,1.0,1.0,1.0,1.0,,,0.0,0.0,,,1.0,,,,,1.0,1.0,1.0,,,0.0,0.0,0.0
SCaBER,1.0,1.0,1.0,0.0,1.0,1.0,,1.0,1.0,1.0,,0.0,,1.0,,0.0,,1.0,1.0,,1.0,1.0,1.0,1.0
SF-295,1.0,0.0,0.0,,,1.0,,,1.0,,,,0.0,1.0,1.0,,0.0,0.0,1.0,1.0,1.0,0.0,1.0,
SF126,0.0,1.0,1.0,,,1.0,,1.0,1.0,1.0,,0.0,0.0,1.0,,1.0,0.0,0.0,0.0,1.0,1.0,1.0,1.0,
SF8657,1.0,1.0,,,,0.0,,,,1.0,,0.0,,1.0,,0.0,1.0,0.0,1.0,,0.0,1.0,0.0,
SH-10-TC,0.0,1.0,,,,0.0,,,0.0,0.0,,,,,,0.0,0.0,1.0,0.0,,1.0,1.0,0.0,
SHP-77,1.0,,,,,0.0,,,,,,,,,,,0.0,0.0,,,,,0.0,
SIG-M5,1.0,1.0,,1.0,,1.0,,,0.0,1.0,1.0,,1.0,1.0,,1.0,1.0,1.0,1.0,1.0,,1.0,1.0,
SIMA,0.0,1.0,,1.0,,1.0,,,,,,0.0,,1.0,,,,1.0,1.0,,1.0,,1.0,
SJRH30,0.0,1.0,,,,,1.0,,0.0,1.0,,,,1.0,,,1.0,1.0,1.0,1.0,1.0,,1.0,1.0
SJSA-1,1.0,1.0,,,,,,,1.0,,1.0,1.0,,1.0,,,1.0,0.0,1.0,,,,1.0,
SK-BR-3,1.0,1.0,,,1.0,1.0,,,1.0,1.0,,,,,,,1.0,1.0,0.0,1.0,,0.0,1.0,0.0
SK-CO-1,1.0,1.0,1.0,1.0,1.0,,,,,,,1.0,,1.0,,,1.0,0.0,0.0,,1.0,1.0,1.0,1.0
SK-ES-1,0.0,1.0,,,1.0,1.0,1.0,,1.0,1.0,0.0,,1.0,1.0,1.0,1.0,,1.0,1.0,1.0,1.0,1.0,1.0,0.0
SK-HEP-1,1.0,0.0,,0.0,0.0,1.0,1.0,,,0.0,,1.0,1.0,0.0,,0.0,0.0,1.0,1.0,,,1.0,0.0,
SK-LMS-1,0.0,0.0,,,1.0,,,1.0,0.0,,,0.0,,0.0,,1.0,0.0,1.0,,,0.0,1.0,1.0,0.0
SK-LU-1,1.0,0.0,1.0,0.0,0.0,1.0,,,,,1.0,1.0,0.0,,,1.0,1.0,0.0,1.0,,1.0,1.0,1.0,1.0
SK-MEL-2,1.0,,,1.0,,0.0,,1.0,,,,1.0,,,,,1.0,1.0,1.0,,,,,
SK-MEL-24,1.0,0.0,,1.0,,1.0,,0.0,1.0,1.0,,1.0,,1.0,0.0,0.0,0.0,0.0,1.0,,0.0,0.0,1.0,1.0
SK-MEL-30,1.0,0.0,,1.0,,0.0,,,,0.0,,1.0,,0.0,,,1.0,0.0,1.0,1.0,,0.0,1.0,
SK-MEL-31,1.0,1.0,,1.0,,0.0,1.0,,0.0,1.0,,1.0,,1.0,1.0,1.0,0.0,1.0,1.0,,1.0,1.0,0.0,0.0
SK-MEL-5,1.0,0.0,0.0,1.0,1.0,1.0,,0.0,1.0,1.0,0.0,1.0,,1.0,,1.0,0.0,1.0,1.0,1.0,0.0,1.0,1.0,0.0
SK-MES-1,1.0,1.0,1.0,,1.0,,,0.0,1.0,,,1.0,,0.0,,0.0,0.0,1.0,,,0.0,1.0,1.0,0.0
SK-MM-2,1.0,0.0,0.0,1.0,1.0,0.0,0.0,1.0,1.0,1.0,,1.0,1.0,1.0,1.0,0.0,1.0,1.0,1.0,1.0,1.0,1.0,0.0,1.0
SK-N-AS,0.0,1.0,1.0,1.0,,,1.0,,,,,1.0,1.0,1.0,,,1.0,1.0,,1.0,1.0,0.0,1.0,1.0
SK-N-BE(2),0.0,1.0,1.0,1.0,,1.0,1.0,,,,,1.0,,,,,1.0,1.0,,,1.0,,1.0,
SK-N-DZ,0.0,1.0,0.0,,,,1.0,1.0,0.0,,,,1.0,1.0,,,1.0,1.0,0.0,,1.0,1.0,1.0,1.0
SK-N-FI,0.0,,,,,,,,,,,1.0,,,,,0.0,1.0,,,,,,
SK-N-SH,1.0,1.0,1.0,0.0,1.0,,0.0,,,0.0,0.0,1.0,1.0,1.0,,0.0,0.0,1.0,0.0,1.0,1.0,1.0,1.0,1.0
SK-OV-3,1.0,1.0,1.0,,,1.0,,1.0,1.0,,,,,,,,0.0,0.0,1.0,,,1.0,1.0,1.0
SNG-M,1.0,1.0,0.0,,0.0,0.0,1.0,,0.0,0.0,1.0,0.0,0.0,0.0,,0.0,0.0,0.0,1.0,1.0,1.0,0.0,0.0,
SNU-1,1.0,1.0,1.0,1.0,,,1.0,,1.0,1.0,1.0,1.0,0.0,1.0,,,1.0,1.0,1.0,1.0,1.0,0.0,1.0,
SNU-16,1.0,0.0,,,,,1.0,,1.0,,,,,0.0,,,,1.0,1.0,,1.0,1.0,1.0,
SNU-182,0.0,0.0,0.0,1.0,,,,,,,,1.0,0.0,,,,0.0,0.0,0.0,,1.0,,0.0,1.0
SNU-387,0.0,1.0,,,,,,,,,,1.0,,,,,1.0,0.0,,,0.0,,,
SNU-398,0.0,,0.0,0.0,,,,,,,,1.0,,1.0,,,1.0,1.0,0.0,,,,1.0,
SNU-423,0.0,1.0,,,,,,,,,,0.0,1.0,,,,0.0,0.0,0.0,,,,0.0,
SNU-449,0.0,0.0,0.0,0.0,1.0,0.0,,,0.0,1.0,1.0,0.0,,1.0,,,0.0,0.0,0.0,1.0,1.0,0.0,1.0,1.0
SNU-475,,,,,,,,,,,,,,,,,1.0,0.0,,,,,,
SNU-C2A,1.0,1.0,1.0,,1.0,,,,,,,1.0,,,,,0.0,1.0,,,1.0,,1.0,1.0
SNU-C2B,1.0,1.0,,1.0,,,,0.0,1.0,,,1.0,,,,,1.0,1.0,0.0,,1.0,,1.0,1.0
SU-DHL-10,1.0,,,,,1.0,1.0,,,,,,,,,,1.0,1.0,1.0,,,,1.0,0.0
SU-DHL-4,1.0,0.0,1.0,,1.0,1.0,0.0,,0.0,0.0,1.0,,1.0,1.0,1.0,,1.0,1.0,1.0,1.0,0.0,1.0,1.0,0.0
SU-DHL-6,,,,,,1.0,,,,,,,,,,,,1.0,1.0,,,1.0,1.0,
SU-DHL-8,1.0,,,,,1.0,1.0,,1.0,1.0,,,1.0,1.0,0.0,1.0,1.0,1.0,1.0,,1.0,1.0,1.0,0.0
SU.86.86,1.0,1.0,,1.0,0.0,,,,,,,1.0,,,,,,0.0,1.0,,,,1.0,1.0
SUIT-2,0.0,1.0,0.0,1.0,1.0,1.0,,,0.0,,,1.0,1.0,0.0,1.0,,0.0,0.0,1.0,1.0,0.0,1.0,1.0,
SUP-M2,1.0,,,0.0,,1.0,1.0,1.0,,,1.0,1.0,0.0,1.0,,1.0,,1.0,,,1.0,1.0,1.0,
SUP-T1,0.0,,,,,,,,,,,,,,0.0,,1.0,0.0,,,,,1.0,
SW 1088,1.0,0.0,,,,,,,1.0,,,0.0,1.0,,,1.0,,0.0,1.0,,1.0,,,1.0
SW 1271,1.0,1.0,0.0,1.0,1.0,1.0,,1.0,,1.0,,1.0,0.0,0.0,,0.0,1.0,1.0,1.0,,1.0,,1.0,1.0
SW 1353,1.0,1.0,0.0,,,1.0,,,1.0,,1.0,,,0.0,,,1.0,1.0,1.0,,0.0,1.0,0.0,1.0
SW 1573,1.0,1.0,,1.0,1.0,,1.0,,1.0,,,1.0,,1.0,,1.0,1.0,1.0,,,1.0,0.0,1.0,0.0
SW 1990,1.0,1.0,1.0,0.0,0.0,,,,1.0,1.0,0.0,1.0,1.0,1.0,,1.0,0.0,1.0,1.0,,1.0,1.0,1.0,1.0
SW 780,1.0,1.0,1.0,0.0,1.0,1.0,,1.0,1.0,,1.0,1.0,1.0,0.0,,,0.0,0.0,0.0,,1.0,1.0,0.0,1.0
SW 900,0.0,1.0,,,,,,,,,,,,,,,1.0,0.0,0.0,,,,0.0,
SW1417,1.0,1.0,,1.0,,,,,,,,1.0,1.0,,,0.0,0.0,1.0,,,,,1.0,
SW403,1.0,1.0,1.0,1.0,1.0,1.0,,,,,,1.0,,,,,1.0,1.0,1.0,,1.0,,1.0,1.0
SW48,1.0,1.0,1.0,1.0,1.0,1.0,1.0,,1.0,,,1.0,,0.0,,,1.0,1.0,1.0,,1.0,0.0,1.0,
SW480,1.0,0.0,,1.0,,1.0,,,1.0,,,1.0,1.0,0.0,,,1.0,1.0,0.0,0.0,1.0,1.0,1.0,
SW579,1.0,1.0,0.0,,,1.0,,,1.0,1.0,,0.0,1.0,1.0,,,1.0,1.0,1.0,1.0,0.0,1.0,1.0,1.0
SW620,1.0,1.0,,1.0,,1.0,,,,1.0,,1.0,1.0,1.0,,,1.0,1.0,1.0,,1.0,1.0,1.0,1.0
Saos-2,1.0,1.0,0.0,,,1.0,0.0,,0.0,0.0,,,,1.0,,1.0,1.0,1.0,1.0,0.0,0.0,0.0,1.0,1.0
Sq-1,1.0,1.0,1.0,,0.0,,1.0,1.0,0.0,,,1.0,,,,0.0,1.0,1.0,,,0.0,1.0,,1.0
T-47D,0.0,1.0,0.0,,,,1.0,,1.0,1.0,,,,,1.0,,,1.0,0.0,,0.0,,1.0,1.0
T24,1.0,1.0,1.0,1.0,1.0,1.0,0.0,,1.0,1.0,,1.0,,1.0,,1.0,0.0,1.0,1.0,1.0,0.0,1.0,1.0,1.0
T3M-10,1.0,0.0,,0.0,0.0,0.0,,1.0,1.0,,,1.0,,,,,0.0,1.0,1.0,,,1.0,0.0,0.0
T84,,,,,,,,,,,,,,,,,0.0,1.0,,,,,,
T98G,1.0,1.0,1.0,,,0.0,,,,0.0,,,,1.0,,0.0,1.0,0.0,1.0,0.0,1.0,1.0,0.0,0.0
TC-71,0.0,1.0,,,,1.0,,,,,,,,0.0,,,1.0,1.0,0.0,,0.0,1.0,1.0,
TCCSUP,1.0,0.0,1.0,,,1.0,,,,1.0,,0.0,1.0,1.0,,0.0,,1.0,0.0,,1.0,0.0,1.0,
TE 617.T,1.0,,1.0,1.0,1.0,1.0,,,1.0,1.0,1.0,1.0,1.0,1.0,1.0,,1.0,1.0,1.0,1.0,1.0,1.0,1.0,1.0
TE-1,1.0,0.0,0.0,,0.0,,,,0.0,,,1.0,,1.0,,,1.0,1.0,,,0.0,1.0,1.0,0.0
TE-11,1.0,1.0,1.0,,1.0,,,,1.0,,,0.0,,1.0,,,,0.0,,,1.0,1.0,1.0,
TE-15,1.0,1.0,1.0,,1.0,,,,1.0,,,1.0,,,,,1.0,1.0,,,,1.0,1.0,1.0
TE-5,0.0,,1.0,1.0,1.0,,,,1.0,,,1.0,,,,,1.0,0.0,,,,0.0,1.0,1.0
TE-9,1.0,1.0,0.0,,1.0,1.0,,,0.0,1.0,,1.0,,1.0,,,1.0,1.0,1.0,1.0,1.0,1.0,1.0,1.0
TEN,0.0,,1.0,,,0.0,,1.0,,,,,,,,,0.0,0.0,1.0,,0.0,,0.0,
TOV-112D,0.0,0.0,1.0,,0.0,1.0,,,1.0,0.0,,0.0,1.0,1.0,,,1.0,1.0,0.0,0.0,1.0,1.0,1.0,0.0
TOV-21G,1.0,0.0,1.0,0.0,0.0,1.0,0.0,1.0,0.0,,0.0,0.0,0.0,1.0,1.0,1.0,1.0,1.0,1.0,1.0,1.0,1.0,1.0,1.0
TT2609-C02,1.0,1.0,,1.0,1.0,1.0,1.0,,1.0,1.0,,1.0,1.0,,,,1.0,1.0,1.0,,1.0,1.0,1.0,
TYK-nu,1.0,1.0,0.0,1.0,,1.0,,0.0,1.0,1.0,,1.0,0.0,0.0,,0.0,,1.0,1.0,0.0,1.0,0.0,1.0,0.0
Toledo,0.0,0.0,,,,,,,,,,,0.0,,,,0.0,1.0,,,,,1.0,1.0
U-118 MG,1.0,1.0,,,,1.0,,,,,,,1.0,1.0,,,1.0,1.0,1.0,,0.0,1.0,1.0,
U-2 OS,1.0,0.0,1.0,,0.0,1.0,1.0,,1.0,1.0,1.0,0.0,1.0,1.0,,,0.0,1.0,1.0,1.0,1.0,1.0,1.0,1.0
U-87 MG,1.0,,,,,1.0,,,1.0,,0.0,0.0,1.0,1.0,,,1.0,1.0,1.0,,0.0,1.0,0.0,
U-937,1.0,0.0,,0.0,1.0,1.0,,,1.0,0.0,,1.0,1.0,1.0,0.0,,1.0,1.0,1.0,,1.0,1.0,1.0,
UACC-257,1.0,1.0,,1.0,,,1.0,,,,,1.0,,,,1.0,,1.0,1.0,,1.0,1.0,1.0,0.0
UACC-62,1.0,0.0,,1.0,0.0,,,,1.0,,,1.0,,1.0,,1.0,1.0,1.0,1.0,,1.0,0.0,1.0,
UACC-812,1.0,1.0,0.0,,,0.0,,,,,,1.0,,,,,,1.0,,,1.0,,,
UM-UC-3,0.0,,1.0,1.0,,1.0,,,,,,1.0,0.0,,,,1.0,1.0,1.0,,,,1.0,1.0
VMRC-LCD,1.0,1.0,1.0,,,,,,,,,,,,,,,1.0,,,,,0.0,1.0
VMRC-RCW,0.0,1.0,0.0,,1.0,1.0,,1.0,0.0,1.0,,,,1.0,1.0,,,1.0,,1.0,1.0,,0.0,1.0
VMRC-RCZ,1.0,1.0,1.0,,1.0,0.0,,,1.0,,,,,1.0,,,0.0,1.0,0.0,,1.0,1.0,0.0,1.0
WM-115,1.0,,,1.0,1.0,,,0.0,,,,1.0,,,,1.0,0.0,0.0,,,,1.0,1.0,
WM-266-4,1.0,1.0,,1.0,,,,,,,1.0,1.0,,1.0,,1.0,1.0,1.0,1.0,,1.0,1.0,1.0,0.0
WM-793,1.0,1.0,,1.0,,1.0,0.0,,1.0,0.0,1.0,1.0,1.0,1.0,,1.0,0.0,1.0,1.0,,0.0,1.0,1.0,0.0
WM-88,1.0,1.0,,1.0,,1.0,0.0,,1.0,0.0,1.0,1.0,1.0,1.0,,1.0,1.0,1.0,1.0,1.0,1.0,0.0,0.0,
WM-983B,1.0,1.0,1.0,1.0,,,1.0,1.0,0.0,1.0,,1.0,1.0,0.0,0.0,1.0,1.0,1.0,1.0,1.0,1.0,,,1.0
WM1799,1.0,0.0,,1.0,0.0,1.0,,,1.0,1.0,1.0,1.0,1.0,1.0,1.0,1.0,1.0,0.0,1.0,,1.0,1.0,1.0,
YKG1,1.0,1.0,1.0,,,0.0,1.0,,,0.0,,0.0,1.0,1.0,,,1.0,1.0,,,0.0,0.0,0.0,
ZR-75-1,,,,0.0,,,0.0,,,,,,,,,,1.0,1.0,,,,1.0,,
ZR-75-30,1.0,,,,,0.0,,,1.0,,,,,,,,1.0,1.0,0.0,,,,,
huH-1,1.0,1.0,1.0,,0.0,1.0,,,,1.0,,1.0,1.0,,,,0.0,0.0,1.0,1.0,1.0,1.0,1.0,0.0
